{
  "categorias": [
    {
      "id": 1,
      "titulo": "Front End",
      "cor": "#6BD1FF",
      "link_extra": {
        "text": "Formação de Front End na Alura",
        "url": "https://www.alura.com.br/cursos-online-front-end"
      }
    },
    {
      "id": 2,
      "titulo": "Back End",
      "cor": "#00C86F",
      "link_extra": {
        "text": "Cursos de Back End na Alura",
        "url": "https://www.alura.com.br/cursos-online-programacao"
      }
    },
    {
      "id": 3,
      "titulo": "Data Science e Inteligência Artificial",
      "cor": "#9cd33b",
      "link_extra": {
        "text": "Cursos de Data Science na Alura",
        "url": "https://www.alura.com.br/cursos-online-mobile"
      }
    },
    {
      "id": 4,
      "titulo": "Filmes",
      "cor": "orange"
    },
    {
      "id": 5,
      "titulo": "Games",
      "cor": "red",
      "link_extra": {
        "text": "Formação de Jogos na Alura",
        "url": "https://www.alura.com.br/cursos-online-front-end"
      }
    },
    {
      "titulo": "Rocketseat",
      "cor": "#6969da",
      "link_extra": {
        "text": "Videos do Canal da RocketSeat",
        "url": "https://rocketseat.com.br/"
      },
      "id": 6
    },
    {
      "titulo": "Testando",
      "cor": "#9bd968",
      "link_extra": {
        "text": "Teste",
        "url": ""
      },
      "id": 7
    }
  ],
  "videos": [
    {
      "id": 1,
      "categoriaId": 1,
      "titulo": "SEO com React",
      "url": "https://www.youtube.com/watch?v=c8mVlakBESE"
    },
    {
      "id": 2,
      "categoriaId": 1,
      "titulo": "O que faz uma desenvolvedora front-end? #HipstersPontoTube",
      "url": "https://www.youtube.com/watch?v=ZY3-MFxVdEw"
    },
    {
      "id": 3,
      "categoriaId": 1,
      "titulo": "Componentização com VanillaJS #AluraMais",
      "url": "https://www.youtube.com/watch?v=LatCKpcOMak"
    },
    {
      "id": 4,
      "categoriaId": 1,
      "titulo": "Pare de chutar e aprenda a display: inline #01",
      "url": "https://www.youtube.com/watch?v=5PS6ku8NzIE"
    },
    {
      "id": 5,
      "categoriaId": 1,
      "titulo": "Template String: Interpolando strings com JavaScript #AluraMais",
      "url": "https://www.youtube.com/watch?v=ORI_HTXaIw0"
    },
    {
      "id": 6,
      "categoriaId": 1,
      "titulo": "Qual é a melhor linguagem de programação? #HipstersPontoTube",
      "url": "https://www.youtube.com/watch?v=Uh-GNH-t89w"
    },
    {
      "id": 7,
      "categoriaId": 1,
      "titulo": "Novidades do Angular v9",
      "url": "https://www.youtube.com/watch?v=34uHo7hFmG0"
    },
    {
      "id": 8,
      "categoriaId": 2,
      "titulo": "PERCURSO em NÍVEL em ÁRVORE BINÁRIA | Estruturas de Dados #14",
      "url": "https://www.youtube.com/watch?v=UOK7nS2E9xM"
    },
    {
      "id": 9,
      "categoriaId": 2,
      "titulo": "Coders4Tips - S01E04: GitHub CLI - Uma Nova Experiência no Github!",
      "url": "https://www.youtube.com/watch?v=6o6-bKOZOEY"
    },
    {
      "id": 10,
      "categoriaId": 2,
      "titulo": "Programei 4 robôs que criam vídeos para mim no YouTube",
      "url": "https://www.youtube.com/watch?v=kjhu1LEmRpY"
    },
    {
      "id": 11,
      "categoriaId": 2,
      "titulo": "API: Dicionário do Programador",
      "url": "https://www.youtube.com/watch?v=vGuqKIRWosk"
    },
    {
      "id": 12,
      "categoriaId": 2,
      "titulo": "Usando Git Direito",
      "url": "https://www.youtube.com/watch?v=6OokP-NE49k"
    },
    {
      "id": 13,
      "categoriaId": 3,
      "titulo": "Teste de Turing",
      "url": "https://www.youtube.com/watch?v=BaPGU4JWa34"
    },
    {
      "id": 14,
      "categoriaId": 3,
      "titulo": "O que é Data Science?",
      "url": "https://www.youtube.com/watch?v=5b9Z8toVaAU&t=9s"
    },
    {
      "id": 15,
      "categoriaId": 3,
      "titulo": "Melhor forma de aprender Python",
      "url": "https://www.youtube.com/watch?v=Gojqw9BQ5qY"
    },
    {
      "id": 16,
      "categoriaId": 3,
      "titulo": "Como ingressar no mercado de Data Science?",
      "url": "https://www.youtube.com/watch?v=gxyjGmOV540"
    },
    {
      "id": 17,
      "categoriaId": 4,
      "titulo": "Interestellar",
      "url": "https://www.youtube.com/watch?v=frD_IiY_A3E"
    },
    {
      "id": 18,
      "categoriaId": 4,
      "titulo": "Gattaca",
      "url": "https://www.youtube.com/watch?v=Dl0tYLbrhhs"
    },
    {
      "id": 19,
      "categoriaId": 4,
      "titulo": "A Chegada",
      "url": "https://www.youtube.com/watch?v=rNciXGzYZms"
    },
    {
      "id": 20,
      "categoriaId": 4,
      "titulo": "Feitiço do Tempo",
      "url": "https://www.youtube.com/watch?v=zi8d69P9NvI"
    },
    {
      "id": 21,
      "categoriaId": 5,
      "titulo": "Final Fantasy 7",
      "url": "https://www.youtube.com/watch?v=I_ATSCTnUD8"
    },
    {
      "id": 22,
      "categoriaId": 5,
      "titulo": "Assassins Creed Valhalla",
      "url": "https://www.youtube.com/watch?v=KDfdjB9uL0U"
    },
    {
      "id": 23,
      "categoriaId": 5,
      "titulo": "God of War 4",
      "url": "https://www.youtube.com/watch?v=FyIwEFXOcaE"
    },
    {
      "id": 24,
      "categoriaId": 5,
      "titulo": "Resident Evil 8",
      "url": "https://www.youtube.com/watch?v=JSapXD9vxYA"
    },
    {
      "titulo": "Twitter Responsivo com ReactJS | UI Clone",
      "url": "https://www.youtube.com/watch?v=K-8z_4xvT3o",
      "categoriaId": 6,
      "id": 25
    },
    {
      "titulo": "Menu do Stripe com ReactJS | UI Clone",
      "url": "https://www.youtube.com/watch?v=B7V0q0ZSz2o",
      "categoriaId": 6,
      "id": 26
    },
    {
      "titulo": "Recriando a Interface do Discord com ReactJS | UI Clone",
      "url": "https://www.youtube.com/watch?v=x4FdZd2-_uU",
      "categoriaId": 6,
      "id": 27
    },
    {
      "titulo": "Clonando interface do Nubank (+ ANIMAÇÕES) com React Native | Diego Fernandes",
      "url": "https://www.youtube.com/watch?v=DDm0M_rZLJo",
      "categoriaId": 6,
      "id": 28
    },
    {
      "titulo": "Clonando interface do Uber com React Native | Diego Fernandes",
      "url": "https://www.youtube.com/watch?v=bg-U0xZwcRk",
      "categoriaId": 6,
      "id": 29
    }
  ]
}